{"accuracy": [0.5648807883262634, 0.648497998714447, 0.6788479685783386, 0.6921647787094116, 0.6989780068397522, 0.7020749449729919, 0.6934035420417786, 0.7175596356391907, 0.7157014608383179, 0.7119851112365723, 0.7126045227050781, 0.7314957976341248, 0.7197274565696716, 0.7318055033683777, 0.7314957976341248, 0.7243728637695312, 0.7460514307022095, 0.75286465883255, 0.753174364566803, 0.7426447868347168, 0.7475998997688293, 0.7410963177680969, 0.7525549530982971, 0.7432641386985779, 0.7572003602981567, 0.7510064840316772, 0.7671105861663818, 0.7621554732322693, 0.7572003602981567, 0.7671105861663818, 0.765562117099762, 0.7550325393676758, 0.7646329998970032, 0.7621554732322693, 0.7708268761634827, 0.7705171704292297, 0.7813564538955688, 0.7683493494987488, 0.7720656394958496, 0.766491174697876, 0.7751625776290894, 0.7695881128311157, 0.7671105861663818, 0.7760916948318481, 0.7832146286964417, 0.7816661596298218, 0.7745432257652283, 0.7714462876319885, 0.7878600358963013, 0.7813564538955688, 0.7832146286964417, 0.7832146286964417, 0.7757819890975952, 0.792195737361908, 0.7757819890975952, 0.7912666201591492, 0.7956023812294006, 0.7875503301620483, 0.7844533920288086, 0.7959120273590088, 0.7906472682952881, 0.7937442064285278, 0.7878600358963013, 0.7983896136283875, 0.7952926754951477, 0.7952926754951477, 0.8030350208282471, 0.7983896136283875, 0.792815089225769, 0.7949829697608948, 0.7986992597579956, 0.8079900741577148, 0.7869309186935425, 0.7977702021598816, 0.7959120273590088, 0.806441605091095, 0.7990089654922485, 0.7940539121627808, 0.7890987992286682, 0.805202841758728, 0.8089191913604736, 0.7971508502960205, 0.8027253150939941, 0.805512547492981, 0.806441605091095, 0.8104676604270935, 0.7999380826950073, 0.8067513108253479, 0.8011768460273743, 0.8061319589614868, 0.8126354813575745, 0.8021059036254883, 0.8157324194908142, 0.8138742446899414, 0.8095385432243347, 0.8169711828231812, 0.8123257756233215, 0.8166614770889282, 0.8216165900230408, 0.8067513108253479], "loss": [0.9949679970741272, 0.788949191570282, 0.7451726198196411, 0.7098072171211243, 0.7066421508789062, 0.6904014945030212, 0.6890411972999573, 0.6786162257194519, 0.6521313190460205, 0.6475319266319275, 0.647747814655304, 0.6310397386550903, 0.6513703465461731, 0.6247768998146057, 0.6287965774536133, 0.6362547278404236, 0.5907139778137207, 0.6035931706428528, 0.5955854654312134, 0.6009591817855835, 0.5962415337562561, 0.5946126580238342, 0.5881646275520325, 0.5950665473937988, 0.5748119950294495, 0.5907216668128967, 0.5584434270858765, 0.5746984481811523, 0.5686380863189697, 0.5511176586151123, 0.5570576190948486, 0.5616885423660278, 0.5572603344917297, 0.5559537410736084, 0.544296145439148, 0.5642193555831909, 0.5295642018318176, 0.5564638376235962, 0.5302110910415649, 0.5570518970489502, 0.551385760307312, 0.5367405414581299, 0.5508827567100525, 0.5349398851394653, 0.519854724407196, 0.5252423286437988, 0.5286274552345276, 0.525822103023529, 0.5157434940338135, 0.5291100740432739, 0.5173040628433228, 0.5188146829605103, 0.5155767798423767, 0.5112013816833496, 0.512619137763977, 0.5049928426742554, 0.5078302621841431, 0.513428807258606, 0.5156578421592712, 0.5036149024963379, 0.4997917413711548, 0.4988822638988495, 0.4966338872909546, 0.503176748752594, 0.5008373856544495, 0.4961180090904236, 0.4886862337589264, 0.4912220537662506, 0.5010640621185303, 0.4909897744655609, 0.4833940863609314, 0.4741641879081726, 0.5039474368095398, 0.488629013299942, 0.4905286431312561, 0.46907272934913635, 0.47369346022605896, 0.48950502276420593, 0.49107933044433594, 0.46892639994621277, 0.4556872546672821, 0.4825264811515808, 0.47378095984458923, 0.4728705585002899, 0.46141353249549866, 0.47312381863594055, 0.47857096791267395, 0.4723903238773346, 0.4768792688846588, 0.4659044146537781, 0.4591760039329529, 0.469342440366745, 0.44852688908576965, 0.4642200767993927, 0.46668919920921326, 0.4509207308292389, 0.4543139934539795, 0.44494760036468506, 0.4434919059276581, 0.46926724910736084], "val_accuracy": [0.6998916864395142, 0.6327193975448608, 0.719393253326416, 0.7388948798179626, 0.7356446385383606, 0.7410617470741272, 0.7367280721664429, 0.7399783134460449, 0.7518959641456604, 0.7399783134460449, 0.7388948798179626, 0.7497291564941406, 0.7269772291183472, 0.7573131322860718, 0.7453954219818115, 0.6998916864395142, 0.7865655422210693, 0.7876489758491516, 0.7583965063095093, 0.7800650000572205, 0.7551462650299072, 0.7627302408218384, 0.7941495180130005, 0.7757313251495361, 0.7778981328010559, 0.7876489758491516, 0.7746478915214539, 0.771397590637207, 0.7724810242652893, 0.7941495180130005, 0.7843986749649048, 0.7876489758491516, 0.771397590637207, 0.7887324094772339, 0.7898158431053162, 0.8071506023406982, 0.7930660843849182, 0.8049837350845337, 0.8082340359687805, 0.7703142166137695, 0.7876489758491516, 0.7930660843849182, 0.8028169274330139, 0.8277356624603271, 0.7865655422210693, 0.8071506023406982, 0.8071506023406982, 0.771397590637207, 0.7508125901222229, 0.7973997592926025, 0.7919826507568359, 0.7941495180130005, 0.7789815664291382, 0.8179848194122314, 0.8017334938049316, 0.8017334938049316, 0.7995666265487671, 0.7898158431053162, 0.8244853615760803, 0.8006500601768494, 0.8028169274330139, 0.8288190960884094, 0.8190682530403137, 0.8288190960884094, 0.8309859037399292, 0.7670639157295227, 0.768147349357605, 0.8450704216957092, 0.8049837350845337, 0.8277356624603271, 0.8169013857841492, 0.8179848194122314, 0.8093174695968628, 0.7952329516410828, 0.823401927947998, 0.8277356624603271, 0.8049837350845337, 0.834236204624176, 0.7952329516410828, 0.8082340359687805, 0.8082340359687805, 0.7995666265487671, 0.8017334938049316, 0.8299024701118469, 0.8364030122756958, 0.8104008436203003, 0.8158180117607117, 0.8255687952041626, 0.8353196382522583, 0.8212351202964783, 0.8114842772483826, 0.8277356624603271, 0.806067168712616, 0.8299024701118469, 0.8353196382522583, 0.8212351202964783, 0.8299024701118469, 0.8537378311157227, 0.8374864459037781, 0.8364030122756958],