{"accuracy": [0.49024465680122375, 0.5896562337875366, 0.6423041224479675, 0.6636729836463928, 0.663982629776001, 0.6701765060424805, 0.6903066039085388, 0.6934035420417786, 0.7023846507072449, 0.6968101859092712, 0.7036234140396118, 0.7166305184364319, 0.7222050428390503, 0.7110560536384583, 0.7126045227050781, 0.726540744304657, 0.714152991771698, 0.7181789875030518, 0.7321152091026306, 0.7364509105682373, 0.7305667400360107, 0.7299473285675049, 0.7457417249679565, 0.7401672601699829, 0.738618791103363, 0.7463610768318176, 0.7506968379020691, 0.7445029616355896, 0.7497677206993103, 0.7578197717666626, 0.7599875926971436, 0.7451223134994507, 0.7624651789665222, 0.7553421854972839, 0.7550325393676758, 0.7553421854972839, 0.7671105861663818, 0.7537937164306641, 0.7739238142967224, 0.76742023229599, 0.7702075242996216, 0.779807984828949, 0.7751625776290894, 0.7726850509643555, 0.7770207524299622, 0.7612264156341553, 0.7702075242996216, 0.7748528718948364, 0.7779498100280762, 0.7683493494987488, 0.7810467481613159, 0.779807984828949, 0.7782595157623291, 0.7832146286964417, 0.7894085049629211, 0.7764013409614563, 0.7853824496269226, 0.7770207524299622, 0.7884793877601624, 0.780737042427063, 0.780737042427063, 0.780737042427063, 0.7822855114936829, 0.7847630977630615, 0.8045834898948669, 0.7906472682952881, 0.7900278568267822, 0.791886031627655, 0.7990089654922485, 0.7934345006942749, 0.806441605091095, 0.7999380826950073, 0.8017961978912354, 0.7860018610954285, 0.8089191913604736, 0.8092288374900818, 0.8061319589614868, 0.7983896136283875, 0.8014865517616272, 0.8024156093597412, 0.8008671402931213, 0.8070610165596008, 0.8132548928260803, 0.8092288374900818, 0.8045834898948669, 0.804273784160614, 0.8157324194908142, 0.8117064237594604, 0.8129451870918274, 0.8107773065567017, 0.8092288374900818, 0.8076803684234619, 0.819758415222168, 0.8101579546928406, 0.8284298777580261, 0.8101579546928406, 0.8271910548210144, 0.8231650590896606, 0.818829357624054, 0.818519651889801], "loss": [1.0132349729537964, 0.8848620057106018, 0.8120465874671936, 0.7742530703544617, 0.7594855427742004, 0.7522854208946228, 0.7235105633735657, 0.7088543176651001, 0.6919883489608765, 0.6982616186141968, 0.676993727684021, 0.6744657158851624, 0.6633424162864685, 0.6714265942573547, 0.6673021912574768, 0.638562023639679, 0.6378262042999268, 0.651798665523529, 0.6268717050552368, 0.616984486579895, 0.6328839659690857, 0.6225074529647827, 0.602975606918335, 0.6081900000572205, 0.607199490070343, 0.5945144295692444, 0.5950772762298584, 0.5972294211387634, 0.6008780598640442, 0.5768417119979858, 0.5674740076065063, 0.5933892130851746, 0.5794349312782288, 0.5731909275054932, 0.5923024415969849, 0.5676223039627075, 0.5539306402206421, 0.5709668397903442, 0.544208824634552, 0.5472205281257629, 0.5423757433891296, 0.5404590368270874, 0.5427122116088867, 0.5412664413452148, 0.5324856638908386, 0.5630118250846863, 0.532909095287323, 0.5341975092887878, 0.5402759313583374, 0.5673643946647644, 0.52439284324646, 0.5285372138023376, 0.5214172601699829, 0.5169578790664673, 0.5028179287910461, 0.5225852131843567, 0.515144407749176, 0.5202126502990723, 0.5134727954864502, 0.515672504901886, 0.506852924823761, 0.5137856006622314, 0.514690637588501, 0.5101350545883179, 0.481173574924469, 0.5031330585479736, 0.4983038306236267, 0.5094587206840515, 0.4934307038784027, 0.489113450050354, 0.48875704407691956, 0.4783470630645752, 0.47308191657066345, 0.5059335231781006, 0.4609517753124237, 0.4637731909751892, 0.46537888050079346, 0.4782744348049164, 0.47758930921554565, 0.4810565710067749, 0.4799514710903168, 0.46315446496009827, 0.4519663453102112, 0.4670879542827606, 0.4694367051124573, 0.46448391675949097, 0.45387905836105347, 0.4721289575099945, 0.4544062614440918, 0.47011598944664, 0.4609035849571228, 0.4585492014884949, 0.44989800453186035, 0.45162758231163025, 0.4269634187221527, 0.4470459818840027, 0.4326187074184418, 0.4451705813407898, 0.4395606815814972, 0.4327906668186188], "val_accuracy": [0.6121343374252319, 0.6598049998283386, 0.678223192691803, 0.7172264456748962, 0.6554712653160095, 0.719393253326416, 0.692307710647583, 0.7378115057945251, 0.7475622892379761, 0.7042253613471985, 0.7464788556098938, 0.7378115057945251, 0.7345612049102783, 0.7150595784187317, 0.7367280721664429, 0.7107259035110474, 0.7421451807022095, 0.7432286143302917, 0.7605633735656738, 0.7183098793029785, 0.6977248191833496, 0.7605633735656738, 0.7616468071937561, 0.7497291564941406, 0.7551462650299072, 0.7768147587776184, 0.7573131322860718, 0.7204766869544983, 0.7204766869544983, 0.7746478915214539, 0.7486457228660583, 0.7865655422210693, 0.7573131322860718, 0.7865655422210693, 0.7724810242652893, 0.7778981328010559, 0.7573131322860718, 0.7887324094772339, 0.7692307829856873, 0.7746478915214539, 0.7724810242652893, 0.7258937954902649, 0.7638136744499207, 0.7898158431053162, 0.7800650000572205, 0.7930660843849182, 0.8017334938049316, 0.7952329516410828, 0.7789815664291382, 0.7724810242652893, 0.7865655422210693, 0.7854821085929871, 0.7952329516410828, 0.782231867313385, 0.7887324094772339, 0.7085590362548828, 0.806067168712616, 0.8147345781326294, 0.7898158431053162, 0.8028169274330139, 0.8223185539245605, 0.7984831929206848, 0.7042253613471985, 0.796316385269165, 0.7659804821014404, 0.8006500601768494, 0.8039003014564514, 0.7638136744499207, 0.7854821085929871, 0.8049837350845337, 0.8039003014564514, 0.820151686668396, 0.8082340359687805, 0.8028169274330139, 0.7930660843849182, 0.7648970484733582, 0.8006500601768494, 0.7475622892379761, 0.8158180117607117, 0.8039003014564514, 0.7843986749649048, 0.8277356624603271, 0.8179848194122314, 0.796316385269165, 0.8114842772483826, 0.7984831929206848, 0.8255687952041626, 0.8104008436203003, 0.7833153009414673, 0.8169013857841492, 0.7789815664291382, 0.8179848194122314, 0.8266522288322449, 0.7865655422210693, 0.8396533131599426, 0.7941495180130005, 0.806067168712616, 0.8179848194122314, 0.8407367467880249, 0.8309859037399292],