{"accuracy": [0.5949210524559021, 0.6903066039085388, 0.7073397040367126, 0.7246825695037842, 0.7218953371047974, 0.7311861515045166, 0.7466707825660706, 0.7404769062995911, 0.7460514307022095, 0.7562713027000427, 0.7627748250961304, 0.7637039422988892, 0.7572003602981567, 0.7742335200309753, 0.7745432257652283, 0.7860018610954285, 0.7736141085624695, 0.7866212725639343, 0.7860018610954285, 0.7801176905632019, 0.8014865517616272, 0.7825952172279358, 0.8079900741577148, 0.791886031627655, 0.7956023812294006, 0.8113967180252075, 0.8030350208282471, 0.8098482489585876, 0.8148033618927002, 0.8070610165596008, 0.8135645985603333, 0.8253329396247864, 0.8148033618927002, 0.8141839504241943, 0.8203778266906738, 0.8256425857543945, 0.8244038224220276, 0.8377206325531006, 0.8247135281562805, 0.818829357624054, 0.8302879929542542, 0.8364818692207336, 0.8256425857543945, 0.8333849310874939, 0.8330752849578857, 0.8287395238876343, 0.8401982188224792, 0.8383400440216064, 0.8516568541526794, 0.8463920950889587, 0.8389594554901123, 0.8398885130882263, 0.8494890332221985, 0.8460823893547058, 0.8494890332221985, 0.8436048030853271, 0.8414369821548462, 0.8494890332221985, 0.8457726836204529, 0.8541343808174133, 0.8522762656211853, 0.858779788017273, 0.8541343808174133, 0.8646639585494995, 0.8476308584213257, 0.858779788017273, 0.8559925556182861, 0.8532053232192993, 0.858779788017273, 0.8652833700180054, 0.8525859117507935, 0.8634251952171326, 0.8662124276161194, 0.8590894937515259, 0.8609476685523987, 0.870857834815979, 0.8628058433532715, 0.8683803081512451, 0.8655930757522583, 0.8668318390846252, 0.8758129477500916, 0.8807680606842041, 0.8705481290817261, 0.8724063038825989, 0.8807680606842041, 0.8705481290817261, 0.869928777217865, 0.8677608966827393, 0.8851037621498108, 0.8761226534843445, 0.8764323592185974, 0.8779808282852173, 0.8838649988174438, 0.8776711225509644, 0.8782904744148254, 0.8789098858833313, 0.8755032420158386, 0.8847940564155579, 0.8835552930831909, 0.872096598148346], "loss": [0.8813974857330322, 0.7344805002212524, 0.6865936517715454, 0.6631906032562256, 0.6410587430000305, 0.6401235461235046, 0.6164280772209167, 0.614477276802063, 0.5984652042388916, 0.5771687626838684, 0.5615761280059814, 0.5644288063049316, 0.5843649506568909, 0.545655369758606, 0.5396521091461182, 0.5198280215263367, 0.5413652658462524, 0.5140756368637085, 0.5159051418304443, 0.5238074064254761, 0.4909664988517761, 0.5127953886985779, 0.4747209846973419, 0.497848242521286, 0.4838939905166626, 0.4700580835342407, 0.48304471373558044, 0.4757917523384094, 0.46103835105895996, 0.4682261049747467, 0.44787395000457764, 0.4521006941795349, 0.4521981477737427, 0.4435165524482727, 0.4449840486049652, 0.4242211878299713, 0.42100703716278076, 0.41634538769721985, 0.4237305819988251, 0.4368422031402588, 0.41739341616630554, 0.40406981110572815, 0.4215729832649231, 0.4113042950630188, 0.40544605255126953, 0.40552395582199097, 0.41186851263046265, 0.3956201672554016, 0.3932405710220337, 0.39156872034072876, 0.38704046607017517, 0.385529488325119, 0.37325453758239746, 0.38120657205581665, 0.3728664815425873, 0.38463282585144043, 0.3807903528213501, 0.3825303614139557, 0.37563052773475647, 0.35037195682525635, 0.3875311017036438, 0.3572254180908203, 0.34620001912117004, 0.3486311137676239, 0.37419065833091736, 0.359302818775177, 0.36859050393104553, 0.3675403296947479, 0.35051432251930237, 0.333661824464798, 0.3590899407863617, 0.3397572934627533, 0.34302517771720886, 0.3463289439678192, 0.340606689453125, 0.3354068696498871, 0.34309133887290955, 0.33228012919425964, 0.3317052125930786, 0.3442719280719757, 0.319863498210907, 0.30232855677604675, 0.3237384557723999, 0.33071279525756836, 0.31868404150009155, 0.3313824236392975, 0.31959399580955505, 0.330814391374588, 0.2987528443336487, 0.3177601397037506, 0.3038131296634674, 0.3123736083507538, 0.29373571276664734, 0.297885537147522, 0.3117682635784149, 0.29984983801841736, 0.30737411975860596, 0.2975085377693176, 0.29467207193374634, 0.31630226969718933], "val_accuracy": [0.6912242770195007, 0.7085590362548828, 0.7215601205825806, 0.7128927707672119, 0.7432286143302917, 0.7345612049102783, 0.7562296986579895, 0.7562296986579895, 0.7150595784187317, 0.7378115057945251, 0.7128927707672119, 0.7269772291183472, 0.7833153009414673, 0.7562296986579895, 0.7919826507568359, 0.7854821085929871, 0.7724810242652893, 0.7887324094772339, 0.7746478915214539, 0.771397590637207, 0.7984831929206848, 0.7313109636306763, 0.8147345781326294, 0.7865655422210693, 0.7378115057945251, 0.8039003014564514, 0.7778981328010559, 0.8039003014564514, 0.8104008436203003, 0.8147345781326294, 0.8331527709960938, 0.8147345781326294, 0.8277356624603271, 0.7843986749649048, 0.8169013857841492, 0.8288190960884094, 0.7648970484733582, 0.7833153009414673, 0.7768147587776184, 0.8190682530403137, 0.8255687952041626, 0.8125677108764648, 0.8353196382522583, 0.8418201804161072, 0.8396533131599426, 0.8309859037399292, 0.848320722579956, 0.861321747303009, 0.8374864459037781, 0.8277356624603271, 0.8559046387672424, 0.8299024701118469, 0.848320722579956, 0.8353196382522583, 0.8266522288322449, 0.834236204624176, 0.8656554818153381, 0.8634886145591736, 0.8526543974876404, 0.8634886145591736, 0.8396533131599426, 0.8429035544395447, 0.8255687952041626, 0.8602383732795715, 0.8645720481872559, 0.8504875302314758, 0.8548212647438049, 0.8645720481872559, 0.8385698795318604, 0.8667389154434204, 0.8569880723953247, 0.8320693373680115, 0.8526543974876404, 0.8353196382522583, 0.858071506023407, 0.848320722579956, 0.8873239159584045, 0.8331527709960938, 0.8732394576072693, 0.8364030122756958, 0.8407367467880249, 0.8819068074226379, 0.8797399997711182, 0.861321747303009, 0.8667389154434204, 0.8461538553237915, 0.8699891567230225, 0.872156023979187, 0.8667389154434204, 0.8548212647438049, 0.8689057230949402, 0.8645720481872559, 0.8786565661430359, 0.8710725903511047, 0.8537378311157227, 0.8754062652587891, 0.8320693373680115, 0.8364030122756958, 0.8244853615760803, 0.8699891567230225],